position,question_id,category,source,answer,final_prediction,last_correct_decile,peak_correct_probability,final_choice_probability_mass,flip_count,trace_token_count,question
722,799,business,stemez-Business,J,D,90,0.7236691676212135,0.7975612474070872,5,27827,"Ms. Chen purchased a used car, worth $1650, on the installment plan, paying $50 down and $1,840 in monthly installment payments over a period of two years. What annual interest rate did she pay?"
589,665,business,stemez-Business,C,H,80,0.9460373726840048,0.5560764838128085,6,12023,"A drama guild is renovating an old theater, hoping to use it for 15 years. The guild can follow one of two plans to finance the work: Plan A is to use $5,000 collected from guild members to pay for a renovation job which would be done immediately and would last 15 years. Plan B is to borrow $2,000 the year before the theater opens, and then in the 5th and 10th years of the theater's life to renovate it; each job will last five years. Interest is 6% for both plans. (a) Which plan should the guild follow? (b) If, in Plan B, the 2nd and 3rd renovation jobs will cost $3,000 each and the guild will not be able to borrow the money for any of the three jobs (i.e., the members will have to contribute), which plan should the guild follow?"
6813,6980,economics,ori_mmlu-high_school_microeconomics,G,F,60,0.9997023038401339,0.5782294276153432,2,7463,Which of the following is true?
10953,11174,philosophy,ori_mmlu-logical_fallacies,C,A,60,0.997944179358927,0.994014595312475,2,2364,Arguing that someone couldn't have done something good because she holds a particular position commits the fallacy of
2099,2199,psychology,ori_mmlu-professional_psychology,D,H,60,0.6754607621303818,0.9925070916327916,5,4835,"With regard to the effects of crowding, which of the following is true?"
1049,1130,law,ori_mmlu-professional_law,A,D,40,0.9986568871954704,0.9999856544561128,3,646,"A woman duly executed a will under which she devised her farm to her nephew and bequeathed the residue of her estate to her niece. For 12 years after executing her will, the woman lived on her farm. Then she sold it and used the sales proceeds to purchase a home in the city, in which she lived until she died, never having changed her will. Following the admission of the will to probate, both the nephew and the niece claimed ownership of the home. There is no applicable statute. Who is the owner of the home?"
1099,1181,law,ori_mmlu-professional_law,H,C,40,0.7713219210391803,0.7526578832157811,4,705,"Knowing that a homeowner was away on vacation, two men decided to burglarize her home. Since they didn't have a car, the men asked the defendant to drive them to the home. The two men did not tell the defendant what they intended to do there. The defendant drove them to the house. While the defendant waited in the car, the two men entered the home by using a master key to unlock the front door. They then stole several items of expensive jewelry from the bedroom. Concealing the jewelry in their pockets, they left the house and got back into the defendant's car. Unaware of the theft, the defendant drove the two men back to their apartments. The next day, the two men pawned the jewelry for $5,000. Two weeks later, the two men gave the defendant $500 and told him for the first time about the burglary. The defendant kept the money and did not report the theft to the police. If the defendant is subsequently prosecuted, he should be found"
5663,5820,other,ori_mmlu-miscellaneous,E,D,30,0.9994187159805911,0.9629529360167353,2,4381,A kindergarten teacher has students determine the following. ‚Ä¢ How many students are absent that day ‚Ä¢ If there are enough snack cups for each student to have one during snack time ‚Ä¢ How many balls are taken outside during recess and how many are brought back inside after recess. Which of the following concepts is most closely aligned with the determinations the teacher is having the students make?
4614,4746,history,ori_mmlu-high_school_us_history,C,A,30,0.9990352172583102,0.955713586623821,2,3429,"This question refers to the following information.
""We have witnessed for more than a quarter of a century the struggles of the two great political parties for power and plunder, while grievous wrongs have been inflicted upon the suffering people. We charge that the controlling influences dominating both these parties have permitted the existing dreadful conditions to develop without serious effort to prevent or restrain them. Neither do they now promise us any substantial reform. They have agreed together to ignore, in the coming campaign, every issue but one. They propose to drown the outcries of a plundered people with the uproar of a sham battle over the tariff, so that capitalists, corporations, national banks, rings, trusts, watered stock, the demonetization of silver and the oppressions of the usurers may all be lost sight of. They propose to sacrifice our homes, lives, and children on the altar of mammon; to destroy the multitude in order to secure corruption funds from the millionaires.
""Assembled on the anniversary of the birthday of the nation, and filled with the spirit of the grand general and chief who established our independence, we seek to restore the government of the Republic to the hands of 'the plain people,' with which class it originated. We assert our purposes to be identical with the purposes of the National Constitution; to form a more perfect union and establish justice, insure domestic tranquillity, provide for the common defence, promote the general welfare, and secure the blessings of liberty for ourselves and our posterity.""
Populist Party Platform, 1892
The sentiments expressed in the excerpt above about political parties are most similar to those expressed by"
2603,2714,psychology,ori_mmlu-professional_psychology,B,A,20,0.9986844702478576,0.964765034856291,2,3674,"Research comparing heterogeneous and homogeneous work groups has found that, in general, heterogeneous groups:"
46,116,business,stemez-Business,J,E,20,0.9985411024224335,0.9902104951981091,2,9524,Which of the following would yield the greatest net return to acorporation in the 50% tax bracket A) 5% certificate of deposit B) 5% government bond C) 5% corporate bond D) 5%treasurybond E) 4% municipal bond
4671,4809,history,ori_mmlu-high_school_world_history,C,D,20,0.9572587793450545,0.9917550170441248,2,5149,"This question refers to the following information.
""The struggle against neo-colonialism is not aimed at excluding the capital of the developed world from operating in less developed countries. It is aimed at preventing the financial power of the developed countries being used in such a way as to impoverish the less developed.
Non-alignment, as practiced by Ghana and many other countries, is based on co-operation with all States whether they be capitalist, socialist or have a mixed economy. Such a policy, therefore, involves foreign investment from capitalist countries, but it must be invested in accordance with a national plan drawn up by the government of the non-aligned State with its own interests in mind. The issue is not what return the foreign investor receives on his investments…The question is one of power. A State in the grip of neo-colonialism is not master of its own destiny.""
Kwame Nkrumah, Neo-Colonialism, 1965
Which of the following would most directly result from the foreign investment from capitalist countries mentioned in the second paragraph?"
1806,1902,law,ori_mmlu-professional_law,H,F,20,0.8999618197824873,0.7885371965210815,2,2944,"A department store had suffered a succession of thefts of merchandise over a period of months. From reports by employees and customers, the department store's manager concluded that the losses were due, wholly or in large part, to the depredations of a female shoplifter, aged 30 to 40 years, about 5 feet 5 inches in height, with red hair and green eyes, who usually wore a suit. This information was passed on to all of the employees of the department store. One day, a woman entered the store to purchase accessories. The woman was 5 feet 5 inches tall, 37 years old, red-haired and green-eyed, and dressed in a smartly tailored suit. She carried a large shopping bag. The manager noticed her as she picked up, examined, and put down a number of gloves and scarves. After a while, she looked about tentatively, and then started to walk out, swinging her bag. The manager intercepted her and, standing in front of her, politely asked the woman if she would accompany her to the store manager's office. When the woman asked for an explanation, the manager told her of the store's recent experience and the suspicion that the woman might be concealing pilfered merchandise in her bag. Flushing angrily, the woman replied, ""Very well,"" and followed her to the office. Once there, the manager began to question the woman quite intensively. After the questioning, the manager then asked the woman's permission to inspect the contents of her shopping bag. At first, the woman curtly refused and announced that she had had enough of this nonsense. When she rose to go, the manager told her, ""Listen, unless you let me look inside that bag, I'm going to call the police. "" The woman replied, ""Very well,"" and handed her the bag. The manager inspected the contents of the bag thoroughly but did not find any pilfered merchandise. She then gave the woman permission to leave. The total length of the woman's detention was 30 minutes. If the woman asserts a claim for false imprisonment against the department store, she will most likely"
2359,2462,psychology,ori_mmlu-high_school_psychology,F,B,20,0.6100458014543603,0.9358973104445226,3,5033,Which of the following best summarizes why people tend to stay in a slightly elevated state of arousal after a crisis has occurred?
11019,11240,philosophy,ori_mmlu-world_religions,B,C,10,0.9922944245827648,0.9941699688690806,2,1793, Where did people believe in the goddess known as Holy Mother of Mount Fairy Peach?
1395,1486,law,ori_mmlu-jurisprudence,F,A,10,0.9345658547680848,0.999518426094946,2,3712,Hume's attack on natural law is founded on his argument that:
4578,4710,history,ori_mmlu-prehistory,B,H,10,0.7602458911316846,0.9990285950230248,2,1010,The appropriateness and usefulness of pedestrian survey depends on:
4802,4941,history,ori_mmlu-high_school_us_history,F,C,10,0.695662492547193,0.9812756999118725,3,3979,"This question refers to the following information.
""One-half of the people of this nation to-day are utterly powerless to blot from the statute books an unjust law, or to write there a new and a just one. The women, dissatisfied as they are with this form of government, that enforces taxation without representation,—that compels them to obey laws to which they have never given their consent,—that imprisons and hangs them without a trial by a jury of their peers, that robs them, in marriage, of the custody of their own persons, wages and children,—are this half of the people left wholly at the mercy of the other half, in direct violation of the spirit and letter of the declarations of the framers of this government, every one of which was based on the immutable principle of equal rights to all.""
—Susan B. Anthony, ""I Stand Before You Under Indictment"" (speech), 1873
Which of the following statements best represents the criticism of Andrew Carnegie found in this cartoon?"
